"Message",Low,"Starting .NET Native compilation"
"Message",Low,""
"Message",Low,""
"Message",Low,"Task ""Gatekeeper"""
"Message",Normal,"Launching 'C:\Users\jessi\.nuget\packages\microsoft.net.native.compiler\1.7.6\tools\x86\ilc\Tools\Gatekeeper.exe @""C:\Users\jessi\Documents\GitHub\MultiAngleVideoPlayer\MultiAngleVideoPlayer\MultiAngleVideoPlayer\obj\x86\Release\ilc\intermediate\gkargs.rsp""'"
"Message",Low,"Microsoft (R) .NET Native Gatekeeper Version 1.7.27420.00 "
"Message",Low,"Copyright (C) Microsoft Corporation.  All rights reserved. "
"Message",Low," "
"Message",Low,"Checking assembly 'C:\Users\jessi\Documents\GitHub\MultiAngleVideoPlayer\MultiAngleVideoPlayer\MultiAngleVideoPlayer\obj\x86\Release\ilc\in\MultiAngleVideoPlayer.exe'. "
"Message",Low,"Checking assembly 'C:\Users\jessi\Documents\GitHub\MultiAngleVideoPlayer\MultiAngleVideoPlayer\MultiAngleVideoPlayer\obj\x86\Release\ilc\in\Newtonsoft.Json.dll'. "
"Message",Normal,"'C:\Users\jessi\.nuget\packages\microsoft.net.native.compiler\1.7.6\tools\x86\ilc\Tools\Gatekeeper.exe @""C:\Users\jessi\Documents\GitHub\MultiAngleVideoPlayer\MultiAngleVideoPlayer\MultiAngleVideoPlayer\obj\x86\Release\ilc\intermediate\gkargs.rsp""' completed."
"Message",Normal,"Process execution statistics (all times in milliseconds)"
"Message",Normal,"-----------------------------------------------------------------------------"
"Message",Normal,"launch  |  start   |   stop   |   end    | duration | lifetime | [slot] name"
"Message",Normal,"-----------------------------------------------------------------------------"
"Message",Normal,"       0 |       78 |     1203 |     1203 |     1125 |     1203 | [0] Gatekeeper"
"Message",Normal,"Number of commands:      1"
"Message",Normal,"Total system time:       1203 ms"
"Message",Normal,"System time per command: 1203 ms"
"Message",Normal,"Total duration:          1125 ms"
"Message",Normal,"Total lifetime:          1203 ms"
"Message",Normal,"Requested DOP:           8"
"Message",Normal,"Duration DOP:            0.9"
"Message",Normal,"Lifetime DOP:            1.0"
"Message",Low,"Done executing task ""Gatekeeper""."
"Message",Low,"Done building target ""RunGatekeeper"" in file ""Preparation""."
"Message",Low,""
"Message",Low,"Task ""InjectWindowsRuntimeTypeForwards"""
"Message",Normal,"Running 'InjectWindowsRuntimeTypeForwards' transform, heap at 14 MB."
"Message",Normal,"Running 'WriteAssemblies' transform, heap at 18 MB."
"Message",Normal,""
"Message",Normal,"Transform summary"
"Message",Normal,"    ms | heap delta | name"
"Message",Normal,"   909 |          4 | InjectWindowsRuntimeTypeForwards"
"Message",Normal,"   549 |          2 | WriteAssemblies"
"Message",Low,"Done executing task ""InjectWindowsRuntimeTypeForwards""."
"Message",Low,"Done building target ""InjectWindowRuntimeTypeForwards"" in file ""Preparation""."
"Message",Low,""
"Message",Low,"Task ""PreResolveAssemblyClosure"""
"Message",Low,"Done executing task ""PreResolveAssemblyClosure""."
"Message",Low,"Task ""PreResolveTransforms"""
"Message",Normal,"Running 'ResolveSelfReferences' transform, heap at 30 MB."
"Message",Normal,"Running 'RemoveDuplicateMembers' transform, heap at 43 MB."
"Message",Normal,"Running 'PortableLib' transform, heap at 43 MB."
"Message",Normal,"Running 'WriteAssemblies' transform, heap at 81 MB."
"Message",Normal,""
"Message",Normal,"Transform summary"
"Message",Normal,"    ms | heap delta | name"
"Message",Normal,"   420 |        -45 | WriteAssemblies"
"Message",Normal,"   384 |         13 | ResolveSelfReferences"
"Message",Normal,"   294 |         38 | PortableLib"
"Message",Normal,"     1 |          0 | RemoveDuplicateMembers"
"Message",Low,"Done executing task ""PreResolveTransforms""."
"Message",Low,"Done building target ""PreResolveTransforms"" in file ""Preparation""."
"Message",Low,""
"Message",Low,"Task ""InitialAssemblyClosure"""
"Message",Low,"Done executing task ""InitialAssemblyClosure""."
"Message",Low,"Task ""ResolveInitialReferencesAssemblyClosure1"""
"Message",Low,"Done executing task ""ResolveInitialReferencesAssemblyClosure1""."
"Message",Low,"Task ""ResolveInitialReferencesAssemblyClosure2"""
"Message",Low,"Done executing task ""ResolveInitialReferencesAssemblyClosure2""."
"Message",Low,"Done building target ""ResolveInitialReferences"" in file ""Preparation""."
"Message",Low,"Done building project ""Preparation""."
"Message",Low,""
"Message",Low,""
"Message",High,"Processing application code"
"Message",Low,"Task ""ValidateSimpleNames"""
"Message",Low,"Done executing task ""ValidateSimpleNames""."
"Message",Low,"Task ""McgContractsResolveFilePath"""
"Message",Low,"Done executing task ""McgContractsResolveFilePath""."
"Message",Low,"Task ""McgFacadeResolveFilePath"""
"Message",Low,"Done executing task ""McgFacadeResolveFilePath""."
"Message",Low,"Task ""FinalAssemblyClosureRootsResolveFilePaths"""
"Message",Low,"Done executing task ""FinalAssemblyClosureRootsResolveFilePaths""."
"Message",Low,"Task ""FinalAssemblyClosure"""
"Message",Low,"Done executing task ""FinalAssemblyClosure""."
"Message",Low,"Task ""RunILTransforms"""
"Message",Normal,"Running 'Analysis' transform, heap at 55 MB."
"Message",Low,"Loading 77 modules..."
"Message",Normal,"Imported reflection directives from 15 files:"
"Message",Normal,"C:\Users\jessi\Documents\GitHub\MultiAngleVideoPlayer\MultiAngleVideoPlayer\MultiAngleVideoPlayer\obj\x86\Release\ilc\in\Properties\Default.rd.xml"
"Message",Normal,"Embedded manifest in System.Diagnostics.Tracing: Resources.System.Diagnostics.Tracing.rd.xml"
"Message",Normal,"Embedded manifest in System.Private.Reflection: System.Private.Reflection.rd.xml"
"Message",Normal,"Embedded manifest in System.Private.CoreLib: Resources.System.Private.CoreLib.rd.xml"
"Message",Normal,"Embedded manifest in System.Private.Uri: Resources.System.Private.Uri.rd.xml"
"Message",Normal,"Embedded manifest in System.Private.Reflection.Core: System.Private.Reflection.Core.rd.xml"
"Message",Normal,"Embedded manifest in System.Xml.XDocument: System.Xml.Resources.System.Xml.XDocument.rd.xml"
"Message",Normal,"Embedded manifest in System.Runtime.Serialization.Primitives: System.Runtime.Serialization.Primitives.Resources.System.Runtime.Serialization.Primitives.rd.xml"
"Message",Normal,"Embedded manifest in System.Xml.ReaderWriter: System.Xml.Resources.System.Xml.ReaderWriter.rd.xml"
"Message",Normal,"Embedded manifest in System.Dynamic.Runtime: Resources.System.Dynamic.Runtime.rd.xml"
"Message",Normal,"Embedded manifest in System.Linq.Expressions: Resources.System.Linq.Expressions.rd.xml"
"Message",Normal,"Embedded manifest in Microsoft.CSharp: Microsoft.CSharp.Resources.Microsoft.CSharp.rd.xml"
"Message",Normal,"Embedded manifest in System.Private.PortableThunks: Resources.System.Private.PortableThunks.rd.xml"
"Message",Normal,"Embedded manifest in System.Private.Interop: Resources.System.Private.Interop.rd.xml"
"Message",Normal,"Newtonsoft.Json"
"Message",Normal,"Imported XAML Roots from 1 files:"
"Message",Normal,"C:\Users\jessi\Documents\GitHub\MultiAngleVideoPlayer\MultiAngleVideoPlayer\MultiAngleVideoPlayer\obj\x86\Release\ilc\in\MultiAngleVideoPlayer.xr.xml"
"Message",Normal,"Running 'Mcg' transform, heap at 196 MB."
"Message",High,"Computing application closure and generating interop code"
"Message",Normal,"  List of .lib files:"
"Message",Normal,"      WindowsApp.lib"
"Message",Normal,"      winsqlite3.lib"
"Message",Normal,"  List of .lib search paths:"
"Message",Normal,"      C:\Program Files (x86)\Windows Kits\10\lib\10.0.17763.0\um\x86"
"Message",Normal,"  Loading exports from libs..."
"Message",Normal,"      3219 exports read from 'C:\Program Files (x86)\Windows Kits\10\lib\10.0.17763.0\um\x86\WindowsApp.lib'."
"Message",Normal,"      248 exports read from 'C:\Program Files (x86)\Windows Kits\10\lib\10.0.17763.0\um\x86\winsqlite3.lib'."
"Message",High,"  Loading 77 modules..."
"Message",Normal,"          P/Invoke 'RhWaitForPendingFinalizers' with [DllImport(ExactSpelling=true)] resolved to '[MRT]!RhWaitForPendingFinalizers'."
"Message",Normal,"          P/Invoke 'RhYield' with [DllImport(ExactSpelling=true)] resolved to '[MRT]!RhYield'."
"Message",Normal,"          P/Invoke 'RhCompatibleReentrantWaitAny' with [DllImport(ExactSpelling=true)] resolved to '[MRT]!RhCompatibleReentrantWaitAny'."
"Message",Normal,"          P/Invoke '_ecvt_s' with [DllImport(ExactSpelling=true)] resolved to '[MRT]!_ecvt_s'."
"Message",Normal,"          P/Invoke 'memmove' with [DllImport(ExactSpelling=true)] resolved to '[MRT]!memmove'."
"Message",Normal,"          P/Invoke 'CallingConventionConverter_GetStubs' with [DllImport(ExactSpelling=true)] resolved to '*!CallingConventionConverter_GetStubs'."
"Message",Normal,"          P/Invoke 'GetLastError' resolved to 'api-ms-win-core-errorhandling-l1-1-0.dll!GetLastError' from 'C:\Program Files (x86)\Windows Kits\10\lib\10.0.17763.0\um\x86\WindowsApp.lib'."
"Message",Normal,"          P/Invoke 'RoInitialize' resolved to 'api-ms-win-core-winrt-l1-1-0.dll!RoInitialize' from 'C:\Program Files (x86)\Windows Kits\10\lib\10.0.17763.0\um\x86\WindowsApp.lib'."
"Message",Normal,"          P/Invoke 'IsValidLocaleName' resolved to 'api-ms-win-core-localization-l1-2-0.dll!IsValidLocaleName' from 'C:\Program Files (x86)\Windows Kits\10\lib\10.0.17763.0\um\x86\WindowsApp.lib'."
"Message",Normal,"          P/Invoke 'ResolveLocaleName' resolved to 'api-ms-win-core-localization-l1-2-0.dll!ResolveLocaleName' from 'C:\Program Files (x86)\Windows Kits\10\lib\10.0.17763.0\um\x86\WindowsApp.lib'."
"Message",Normal,"          P/Invoke 'GetCPInfoExW' resolved to 'api-ms-win-core-localization-l1-2-0.dll!GetCPInfoExW' from 'C:\Program Files (x86)\Windows Kits\10\lib\10.0.17763.0\um\x86\WindowsApp.lib'."
"Message",Normal,"          P/Invoke 'CoCreateInstance' with [DllImport(ExactSpelling=true)] resolved to 'api-ms-win-core-com-l1-1-0.dll!CoCreateInstance'."
"Message",Normal,"          P/Invoke 'GetCurrentDirectoryW' resolved to 'api-ms-win-core-processenvironment-l1-1-0.dll!GetCurrentDirectoryW' from 'C:\Program Files (x86)\Windows Kits\10\lib\10.0.17763.0\um\x86\WindowsApp.lib'."
"Message",Normal,"          P/Invoke '#6' resolved to 'oleaut32.dll!#6' from 'C:\Program Files (x86)\Windows Kits\10\lib\10.0.17763.0\um\x86\WindowsApp.lib'."
"Message",Normal,"          P/Invoke 'GetLongPathNameW' resolved to 'api-ms-win-core-file-l1-1-0.dll!GetLongPathNameW' from 'C:\Program Files (x86)\Windows Kits\10\lib\10.0.17763.0\um\x86\WindowsApp.lib'."
"Message",Normal,"          P/Invoke 'GetFileType' resolved to 'api-ms-win-core-file-l1-1-0.dll!GetFileType' from 'C:\Program Files (x86)\Windows Kits\10\lib\10.0.17763.0\um\x86\WindowsApp.lib'."
"Message",Normal,"          P/Invoke 'GetFileInformationByHandleEx' resolved to 'api-ms-win-core-file-l2-1-0.dll!GetFileInformationByHandleEx' from 'C:\Program Files (x86)\Windows Kits\10\lib\10.0.17763.0\um\x86\WindowsApp.lib'."
"Message",Normal,"          P/Invoke 'CreateThreadpoolIo' resolved to 'api-ms-win-core-threadpool-l1-2-0.dll!CreateThreadpoolIo' from 'C:\Program Files (x86)\Windows Kits\10\lib\10.0.17763.0\um\x86\WindowsApp.lib'."
"Message",Normal,"          P/Invoke 'SetFilePointerEx' resolved to 'api-ms-win-core-file-l1-1-0.dll!SetFilePointerEx' from 'C:\Program Files (x86)\Windows Kits\10\lib\10.0.17763.0\um\x86\WindowsApp.lib'."
"Message",Normal,"          P/Invoke 'GetFileAttributesExW' resolved to 'api-ms-win-core-file-l1-1-0.dll!GetFileAttributesExW' from 'C:\Program Files (x86)\Windows Kits\10\lib\10.0.17763.0\um\x86\WindowsApp.lib'."
"Message",Normal,"          P/Invoke 'FindFirstFileExW' resolved to 'api-ms-win-core-file-l1-1-0.dll!FindFirstFileExW' from 'C:\Program Files (x86)\Windows Kits\10\lib\10.0.17763.0\um\x86\WindowsApp.lib'."
"Message",Normal,"          P/Invoke 'SetEndOfFile' resolved to 'api-ms-win-core-file-l1-1-0.dll!SetEndOfFile' from 'C:\Program Files (x86)\Windows Kits\10\lib\10.0.17763.0\um\x86\WindowsApp.lib'."
"Message",Normal,"          P/Invoke 'CreateFile2' resolved to 'api-ms-win-core-file-l1-2-0.dll!CreateFile2' from 'C:\Program Files (x86)\Windows Kits\10\lib\10.0.17763.0\um\x86\WindowsApp.lib'."
"Message",Normal,"          P/Invoke 'CloseHandle' resolved to 'api-ms-win-core-handle-l1-1-0.dll!CloseHandle' from 'C:\Program Files (x86)\Windows Kits\10\lib\10.0.17763.0\um\x86\WindowsApp.lib'."
"Message",Normal,"          P/Invoke 'FindClose' resolved to 'api-ms-win-core-file-l1-1-0.dll!FindClose' from 'C:\Program Files (x86)\Windows Kits\10\lib\10.0.17763.0\um\x86\WindowsApp.lib'."
"Message",Normal,"          P/Invoke 'CloseThreadpoolIo' resolved to 'api-ms-win-core-threadpool-l1-2-0.dll!CloseThreadpoolIo' from 'C:\Program Files (x86)\Windows Kits\10\lib\10.0.17763.0\um\x86\WindowsApp.lib'."
"Message",Normal,"          P/Invoke 'ReadFile' resolved to 'api-ms-win-core-file-l1-1-0.dll!ReadFile' from 'C:\Program Files (x86)\Windows Kits\10\lib\10.0.17763.0\um\x86\WindowsApp.lib'."
"Message",Normal,"          P/Invoke 'ReadFile' resolved to 'api-ms-win-core-file-l1-1-0.dll!ReadFile' from 'C:\Program Files (x86)\Windows Kits\10\lib\10.0.17763.0\um\x86\WindowsApp.lib'."
"Message",Normal,"          P/Invoke 'WriteFile' resolved to 'api-ms-win-core-file-l1-1-0.dll!WriteFile' from 'C:\Program Files (x86)\Windows Kits\10\lib\10.0.17763.0\um\x86\WindowsApp.lib'."
"Message",Normal,"          P/Invoke 'WriteFile' resolved to 'api-ms-win-core-file-l1-1-0.dll!WriteFile' from 'C:\Program Files (x86)\Windows Kits\10\lib\10.0.17763.0\um\x86\WindowsApp.lib'."
"Message",Normal,"          P/Invoke 'CancelIoEx' resolved to 'api-ms-win-core-io-l1-1-0.dll!CancelIoEx' from 'C:\Program Files (x86)\Windows Kits\10\lib\10.0.17763.0\um\x86\WindowsApp.lib'."
"Message",Normal,"          P/Invoke 'StartThreadpoolIo' resolved to 'api-ms-win-core-threadpool-l1-2-0.dll!StartThreadpoolIo' from 'C:\Program Files (x86)\Windows Kits\10\lib\10.0.17763.0\um\x86\WindowsApp.lib'."
"Message",Normal,"          P/Invoke 'CancelThreadpoolIo' resolved to 'api-ms-win-core-threadpool-l1-2-0.dll!CancelThreadpoolIo' from 'C:\Program Files (x86)\Windows Kits\10\lib\10.0.17763.0\um\x86\WindowsApp.lib'."
"Message",Normal,"          P/Invoke 'FlushFileBuffers' resolved to 'api-ms-win-core-file-l1-1-0.dll!FlushFileBuffers' from 'C:\Program Files (x86)\Windows Kits\10\lib\10.0.17763.0\um\x86\WindowsApp.lib'."
"Message",Normal,"          P/Invoke 'FormatMessageW' resolved to 'api-ms-win-core-localization-l1-2-0.dll!FormatMessageW' from 'C:\Program Files (x86)\Windows Kits\10\lib\10.0.17763.0\um\x86\WindowsApp.lib'."
"Message",Normal,"          P/Invoke 'RoGetBufferMarshaler' resolved to 'api-ms-win-core-winrt-robuffer-l1-1-0.dll!RoGetBufferMarshaler' from 'C:\Program Files (x86)\Windows Kits\10\lib\10.0.17763.0\um\x86\WindowsApp.lib'."
"Message",High,"  Generating code..."
"Message",High,"  Interop code generated."
"Message",Normal,"  Written code to AssemblyInfo.g.cs"
"Message",Normal,"  Written code to Adapters.g.cs"
"Message",Normal,"  Written code to Data.g.cs"
"Message",Normal,"  Written code to Helpers.g.cs"
"Message",Normal,"  Written code to ImplTypes.g.cs"
"Message",Normal,"  Written code to PInvoke.g.cs"
"Message",Normal,"  Written code to SafeTypes.g.cs"
"Message",Normal,"  Written code to SharedStubs.g.cs"
"Message",Normal,"Running 'GenerateCodeAndCompile' transform, heap at 259 MB."
"Message",High,"Generating serialization code"
"Message",High,"Compiling interop code"
"Message",Normal,"Compiling generated source code: C:\Users\jessi\.nuget\packages\microsoft.net.native.compiler\1.7.6\tools\x86\ilc\csc\csc.exe /noconfig @""C:\Users\jessi\Documents\GitHub\MultiAngleVideoPlayer\MultiAngleVideoPlayer\MultiAngleVideoPlayer\obj\x86\Release\ilc\intermediate\MultiAngleVideoPlayer.McgInterop.rsp"""
"Message",High,"Generating System.Reflection.DispatchProxy proxy code."
"Message",Normal,"Running 'DumpNativeResources' transform, heap at 259 MB."
"Message",Normal,"Running 'ReducedCopyInitialize' transform, heap at 259 MB."
"Message",Normal,"Running 'ReducedCopyEmptyTypes' transform, heap at 176 MB."
"Message",Normal,"Running 'ReducedCopyPopulateTypes' transform, heap at 179 MB."
"Message",Normal,"Running 'ReducedCopyLateMetadata' transform, heap at 199 MB."
"Message",Normal,"Running 'ReducedCopyMethodBodies' transform, heap at 211 MB."
"Message",Normal,"Running 'ReducedCopyComplete' transform, heap at 247 MB."
"Message",Normal,"Running 'ReducedCopyCleanup' transform, heap at 270 MB."
"Message",Normal,"Running 'DeveloperExperienceModeOnlyCodeRemover' transform, heap at 58 MB."
"Message",Normal,"Running 'ComImportDetector' transform, heap at 67 MB."
"Message",Normal,"Running 'McgAccessor' transform, heap at 67 MB."
"Message",Normal,"Running 'McgRedirect' transform, heap at 62 MB."
"Message",Normal,"Running 'McgRedirect' transform, heap at 65 MB."
"Message",Normal,"Running 'McgTypeOf' transform, heap at 66 MB."
"Message",Normal,"Running 'ExceptionMiniaturizer' transform, heap at 71 MB."
"Message",Normal,"Running 'EventSource' transform, heap at 82 MB."
"Message",Normal,"Running 'ValueType' transform, heap at 82 MB."
"Message",Normal,"Running 'Attribute' transform, heap at 82 MB."
"Message",Normal,"Running 'GetType' transform, heap at 82 MB."
"Message",Normal,"Running 'McgFixups' transform, heap at 83 MB."
"Message",Normal,"Running 'ResourceManagerCtor' transform, heap at 83 MB."
"Message",Normal,"Running 'TypeofTypeHandle' transform, heap at 83 MB."
"Message",Normal,"Running 'DispatchProxyIntrinsics' transform, heap at 86 MB."
"Message",Normal,"Running 'StaticInitData' transform, heap at 86 MB."
"Message",Normal,"Running 'StartupCodeInjector' transform, heap at 94 MB."
"Message",Normal,"Running 'InjectAppContextSwitches' transform, heap at 94 MB."
"Message",Normal,"Running 'ImplementLibraryDynamicInvokeHelpers' transform, heap at 94 MB."
"Message",Normal,"Running 'Delegate' transform, heap at 94 MB."
"Message",Normal,"Running 'DelegateCtorCall' transform, heap at 99 MB."
"Message",Normal,"Running 'LazyGenerics' transform, heap at 101 MB."
"Message",Normal,"Running 'AddReflectionBlockedAttributes' transform, heap at 117 MB."
"Message",Normal,"Running 'DisableOptimization' transform, heap at 117 MB."
"Message",Normal,"Running 'CreateMetadata' transform, heap at 117 MB."
"Message",Normal,"Running 'SaveRVAStatics' transform, heap at 149 MB."
"Message",Normal,"Running 'ReflectionInvoke' transform, heap at 150 MB."
"Message",Normal,"Running 'ScrubOpenCalls' transform, heap at 152 MB."
"Message",Normal,"Running 'ConvertCatchIntoFilter' transform, heap at 152 MB."
"Message",Normal,"Running 'ReflectionMappingInfoEmit' transform, heap at 153 MB."
"Message",Normal,"Running 'ConvertManagedWinMD' transform, heap at 155 MB."
"Message",Normal,"Running 'Reducer' transform, heap at 155 MB."
"Message",High,"Cleaning up unreferenced code"
"Message",Normal,"Running 'WriteAssemblies' transform, heap at 181 MB."
"Message",Normal,""
"Message",Normal,"Transform summary"
"Message",Normal,"    ms | heap delta | name"
"Message",Normal," 10418 |        141 | Analysis"
"Message",Normal,"  5457 |          0 | GenerateCodeAndCompile"
"Message",Normal,"  4758 |        -87 | WriteAssemblies"
"Message",Normal,"  2299 |        -83 | ReducedCopyInitialize"
"Message",Normal,"  1894 |         26 | Reducer"
"Message",Normal,"  1596 |         63 | Mcg"
"Message",Normal,"   800 |         32 | CreateMetadata"
"Message",Normal,"   373 |         23 | ReducedCopyComplete"
"Message",Normal,"   248 |         36 | ReducedCopyMethodBodies"
"Message",Normal,"   235 |          5 | McgTypeOf"
"Message",Normal,"   163 |         20 | ReducedCopyPopulateTypes"
"Message",Normal,"   154 |         16 | LazyGenerics"
"Message",Normal,"   119 |          8 | StaticInitData"
"Message",Normal,"   102 |          3 | McgRedirect"
"Message",Normal,"   101 |       -212 | ReducedCopyCleanup"
"Message",Normal,"    99 |         12 | ReducedCopyLateMetadata"
"Message",Normal,"    58 |         11 | ExceptionMiniaturizer"
"Message",Normal,"    57 |          1 | McgRedirect"
"Message",Normal,"    49 |          5 | Delegate"
"Message",Normal,"    48 |          1 | SaveRVAStatics"
"Message",Normal,"    38 |          3 | TypeofTypeHandle"
"Message",Normal,"    31 |          2 | DelegateCtorCall"
"Message",Normal,"    26 |          9 | DeveloperExperienceModeOnlyCodeRemover"
"Message",Normal,"    25 |          2 | ReflectionInvoke"
"Message",Normal,"    24 |          0 | DumpNativeResources"
"Message",Normal,"    23 |          2 | ReflectionMappingInfoEmit"
"Message",Normal,"    22 |          3 | ReducedCopyEmptyTypes"
"Message",Normal,"    21 |         -5 | McgAccessor"
"Message",Normal,"    19 |          0 | McgFixups"
"Message",Normal,"    15 |          0 | ScrubOpenCalls"
"Message",Normal,"    13 |          0 | StartupCodeInjector"
"Message",Normal,"    13 |          1 | GetType"
"Message",Normal,"    11 |          0 | ValueType"
"Message",Normal,"    10 |          0 | DispatchProxyIntrinsics"
"Message",Normal,"     8 |          1 | ConvertCatchIntoFilter"
"Message",Normal,"     5 |          0 | Attribute"
"Message",Normal,"     4 |          0 | ResourceManagerCtor"
"Message",Normal,"     3 |          0 | EventSource"
"Message",Normal,"     2 |          0 | ComImportDetector"
"Message",Normal,"     2 |          0 | AddReflectionBlockedAttributes"
"Message",Normal,"     1 |          0 | DisableOptimization"
"Message",Normal,"     1 |          0 | InjectAppContextSwitches"
"Message",Normal,"     0 |          0 | ImplementLibraryDynamicInvokeHelpers"
"Message",Normal,"     0 |          0 | ConvertManagedWinMD"
"Message",Low,"Done executing task ""RunILTransforms""."
"Message",Low,"Done building target ""RunILTransforms"" in file ""ILTransforms""."
"Message",Low,"Done building project ""ILTransforms""."
"Message",Low,""
"Message",Low,""
"Message",Low,"Done building target ""GenerateMDIL"" in file ""Nutc""."
"Message",Low,""
"Message",High,"Generating native code"
"Message",Low,"Done building target ""MDILPrepareMultiFile"" in file ""Nutc""."
"Message",Low,""
"Message",Low,"Done building target ""SetBinaryForReferences"" in file ""Nutc""."
"Message",Low,""
"Message",Low,"Task ""GenerateMDILGlobalAnalysis"""
"Message",Normal,"Launching 'C:\Users\jessi\.nuget\packages\microsoft.net.native.compiler\1.7.6\tools\x86\ilc\Tools\nutc_driver.exe @""C:\Users\jessi\Documents\GitHub\MultiAngleVideoPlayer\MultiAngleVideoPlayer\MultiAngleVideoPlayer\obj\x86\Release\ilc\intermediate\MDIL\MultiAngleVideoPlayer.rsp""'"
"Message",Low,"Microsoft (R) MDIL Compiler - Version 1.7.27420.00"
"Message",Low,"Copyright (c) Microsoft Corporation.  All rights reserved."
"Message",Low,"Scanning input types"
"Message",Low,"Scanning 9142 methods."
"Message",Low,"Scanning 3269 methods."
"Message",Low,"Scanning 1848 methods."
"Message",Low,"Scanning 1107 methods."
"Message",Low,"Scanning 1731 methods."
"Message",Low,"Scanning 1211 methods."
"Message",Low,"Scanning 769 methods."
"Message",Low,"Scanning 747 methods."
"Message",Low,"Scanning 907 methods."
"Message",Low,"Scanning 814 methods."
"Message",Low,"Scanning 642 methods."
"Message",Low,"Scanning 432 methods."
"Message",Low,"Scanning 387 methods."
"Message",Low,"Scanning 265 methods."
"Message",Low,"Scanning 162 methods."
"Message",Low,"Scanning 95 methods."
"Message",Low,"Scanning 56 methods."
"Message",Low,"Scanning 22 methods."
"Message",Low,"Scanning 15 methods."
"Message",Low,"Scanning 6 methods."
"Message",Low,"Scanning 1 methods."
"Message",Low,"Scanning 1 methods."
"Message",Low,"Eager code generation"
"Message",Low,"Compiling 23629 methods."
"Message",Low,"Deferred code generation"
"Message",Low,"Compiling 4 methods."
"Message",Low,"Compiling 30 methods."
"Message",Low,"Successfully generated 'C:\Users\jessi\Documents\GitHub\MultiAngleVideoPlayer\MultiAngleVideoPlayer\MultiAngleVideoPlayer\obj\x86\Release\ilc\intermediate\MDIL\MultiAngleVideoPlayer.mdilexe'"
"Message",Low,"Successfully generated 'C:\Users\jessi\Documents\GitHub\MultiAngleVideoPlayer\MultiAngleVideoPlayer\MultiAngleVideoPlayer\obj\x86\Release\ilc\intermediate\MDIL\MultiAngleVideoPlayer.mdilpdb'"
"Message",Normal,"'C:\Users\jessi\.nuget\packages\microsoft.net.native.compiler\1.7.6\tools\x86\ilc\Tools\nutc_driver.exe @""C:\Users\jessi\Documents\GitHub\MultiAngleVideoPlayer\MultiAngleVideoPlayer\MultiAngleVideoPlayer\obj\x86\Release\ilc\intermediate\MDIL\MultiAngleVideoPlayer.rsp""' completed."
"Message",Normal,"Process execution statistics (all times in milliseconds)"
"Message",Normal,"-----------------------------------------------------------------------------"
"Message",Normal,"launch  |  start   |   stop   |   end    | duration | lifetime | [slot] name"
"Message",Normal,"-----------------------------------------------------------------------------"
"Message",Normal,"       0 |       31 |    22594 |    22594 |    22563 |    22594 | [0] Nutc GlobalAnalysis"
"Message",Normal,"Number of commands:      1"
"Message",Normal,"Total system time:       22594 ms"
"Message",Normal,"System time per command: 22594 ms"
"Message",Normal,"Total duration:          22563 ms"
"Message",Normal,"Total lifetime:          22594 ms"
"Message",Normal,"Requested DOP:           8"
"Message",Normal,"Duration DOP:            1.0"
"Message",Normal,"Lifetime DOP:            1.0"
"Message",Low,"Done executing task ""GenerateMDILGlobalAnalysis""."
"Message",Low,"Done building target ""GenerateMDILGlobalAnalysis"" in file ""Nutc""."
"Message",Low,""
"Message",Low,"Task ""rc"""
"Message",Normal,"Launching 'C:\Program Files (x86)\Windows Kits\10\bin\10.0.17763.0\x64\rc.exe /c ""65001"" /r /fo ""C:\Users\jessi\Documents\GitHub\MultiAngleVideoPlayer\MultiAngleVideoPlayer\MultiAngleVideoPlayer\obj\x86\Release\ilc\intermediate\BuildInfo\BuildInfo.res"" ""C:\Users\jessi\Documents\GitHub\MultiAngleVideoPlayer\MultiAngleVideoPlayer\MultiAngleVideoPlayer\obj\x86\Release\ilc\intermediate\BuildInfo\BuildInfo.rc""'"
"Message",Low,"Microsoft (R) Windows (R) Resource Compiler Version 10.0.10011.16384"
"Message",Low,"Copyright (C) Microsoft Corporation.  All rights reserved."
"Message",Normal,"'C:\Program Files (x86)\Windows Kits\10\bin\10.0.17763.0\x64\rc.exe /c ""65001"" /r /fo ""C:\Users\jessi\Documents\GitHub\MultiAngleVideoPlayer\MultiAngleVideoPlayer\MultiAngleVideoPlayer\obj\x86\Release\ilc\intermediate\BuildInfo\BuildInfo.res"" ""C:\Users\jessi\Documents\GitHub\MultiAngleVideoPlayer\MultiAngleVideoPlayer\MultiAngleVideoPlayer\obj\x86\Release\ilc\intermediate\BuildInfo\BuildInfo.rc""' completed."
"Message",Normal,"Process execution statistics (all times in milliseconds)"
"Message",Normal,"-----------------------------------------------------------------------------"
"Message",Normal,"launch  |  start   |   stop   |   end    | duration | lifetime | [slot] name"
"Message",Normal,"-----------------------------------------------------------------------------"
"Message",Normal,"       0 |       62 |      171 |      171 |      109 |      171 | [0] rc"
"Message",Normal,"Number of commands:      1"
"Message",Normal,"Total system time:       171 ms"
"Message",Normal,"System time per command: 171 ms"
"Message",Normal,"Total duration:          109 ms"
"Message",Normal,"Total lifetime:          171 ms"
"Message",Normal,"Requested DOP:           8"
"Message",Normal,"Duration DOP:            0.6"
"Message",Normal,"Lifetime DOP:            1.0"
"Message",Low,"Done executing task ""rc""."
"Message",Low,"Task ""ResourceBinaryConcatenate"""
"Message",Normal,"Concatenating into 'C:\Users\jessi\Documents\GitHub\MultiAngleVideoPlayer\MultiAngleVideoPlayer\MultiAngleVideoPlayer\obj\x86\Release\ilc\intermediate\Native.res' with alignment '4'."
"Message",Normal," Added 'C:\Users\jessi\Documents\GitHub\MultiAngleVideoPlayer\MultiAngleVideoPlayer\MultiAngleVideoPlayer\obj\x86\Release\ilc\intermediate\ILTransformed\MultiAngleVideoPlayer.res' at offset 0."
"Message",Normal," Added 'C:\Users\jessi\Documents\GitHub\MultiAngleVideoPlayer\MultiAngleVideoPlayer\MultiAngleVideoPlayer\obj\x86\Release\ilc\intermediate\BuildInfo\BuildInfo.res' at offset 1480."
"Message",Low,"Done executing task ""ResourceBinaryConcatenate""."
"Message",Low,"Done building target ""GenerateBuildInfo"" in file ""Nutc""."
"Message",Low,"Done building project ""Nutc""."
"Message",Low,""
"Message",Low,""
"Message",Low,"Done building target ""MDILBindPrepare"" in file ""Binder""."
"Message",Low,""
"Message",High,"Generating fixups for native code"
"Message",Low,"Task ""MDILBind"""
"Message",Normal,"Launching 'C:\Users\jessi\.nuget\packages\microsoft.net.native.compiler\1.7.6\tools\x86\ilc\Tools\rhbind.exe @""C:\Users\jessi\Documents\GitHub\MultiAngleVideoPlayer\MultiAngleVideoPlayer\MultiAngleVideoPlayer\obj\x86\Release\ilc\intermediate\rhbindargs.MultiAngleVideoPlayer.rsp""'"
"Message",Low,"OS VERSION: major: 6  minor: 2"
"Message",Low,"MDIL: C:\Users\jessi\Documents\GitHub\MultiAngleVideoPlayer\MultiAngleVideoPlayer\MultiAngleVideoPlayer\obj\x86\Release\ilc\intermediate\MDIL\MultiAngleVideoPlayer.mdilexe"
"Message",Low,"MDILPDB: C:\Users\jessi\Documents\GitHub\MultiAngleVideoPlayer\MultiAngleVideoPlayer\MultiAngleVideoPlayer\obj\x86\Release\ilc\intermediate\MDIL\MultiAngleVideoPlayer.mdilpdb"
"Message",Low,"IL: C:\Users\jessi\Documents\GitHub\MultiAngleVideoPlayer\MultiAngleVideoPlayer\MultiAngleVideoPlayer\obj\x86\Release\ilc\intermediate\MDIL\MultiAngleVideoPlayer.ilexe"
"Message",Low,"NI: C:\Users\jessi\Documents\GitHub\MultiAngleVideoPlayer\MultiAngleVideoPlayer\MultiAngleVideoPlayer\obj\x86\Release\ilc\intermediate\Native\MultiAngleVideoPlayer.dll"
"Message",Low,"SHIM: C:\Users\jessi\Documents\GitHub\MultiAngleVideoPlayer\MultiAngleVideoPlayer\MultiAngleVideoPlayer\obj\x86\Release\ilc\intermediate\Native\MultiAngleVideoPlayer.exe"
"Message",Low,"REDHAWK_RUNTIME_DLL_NAME_A=mrt100_app.dll"
"Message",Low,"pdb: C:\Users\jessi\Documents\GitHub\MultiAngleVideoPlayer\MultiAngleVideoPlayer\MultiAngleVideoPlayer\obj\x86\Release\ilc\intermediate\Native\MultiAngleVideoPlayer.pdb"
"Message",Low,"Produced C:\Users\jessi\Documents\GitHub\MultiAngleVideoPlayer\MultiAngleVideoPlayer\MultiAngleVideoPlayer\obj\x86\Release\ilc\intermediate\Native\MultiAngleVideoPlayer.dll in 2.098 seconds"
"Message",Normal,"'C:\Users\jessi\.nuget\packages\microsoft.net.native.compiler\1.7.6\tools\x86\ilc\Tools\rhbind.exe @""C:\Users\jessi\Documents\GitHub\MultiAngleVideoPlayer\MultiAngleVideoPlayer\MultiAngleVideoPlayer\obj\x86\Release\ilc\intermediate\rhbindargs.MultiAngleVideoPlayer.rsp""' completed."
"Message",Normal,"Process execution statistics (all times in milliseconds)"
"Message",Normal,"-----------------------------------------------------------------------------"
"Message",Normal,"launch  |  start   |   stop   |   end    | duration | lifetime | [slot] name"
"Message",Normal,"-----------------------------------------------------------------------------"
"Message",Normal,"       0 |       15 |     2140 |     2140 |     2125 |     2140 | [0] rhbind MultiAngleVideoPlayer"
"Message",Normal,"Number of commands:      1"
"Message",Normal,"Total system time:       2140 ms"
"Message",Normal,"System time per command: 2140 ms"
"Message",Normal,"Total duration:          2125 ms"
"Message",Normal,"Total lifetime:          2140 ms"
"Message",Normal,"Requested DOP:           8"
"Message",Normal,"Duration DOP:            1.0"
"Message",Normal,"Lifetime DOP:            1.0"
"Message",Low,"Done executing task ""MDILBind""."
"Message",Low,"Done building target ""MDILBind"" in file ""Binder""."
"Message",Low,"Done building project ""Binder""."
"Message",Low,""
"Message",Low,""
"Message",Low,"Done building target ""CopyNativeExecutablesToOutput"" in file ""Deployment""."
"Message",Low,""
"Message",Low,"Task ""TransformAppxManifest"""
"Message",Low,"Done executing task ""TransformAppxManifest""."
"Message",Low,"Done building target ""TransformAppxManifestAndAddCrt"" in file ""Deployment""."
"Message",Low,""
"Message",Low,"Done building target ""CopyPackageResourceFileInRetailBuild"" in file ""Deployment""."
"Message",Low,"Done building project ""Deployment""."
"Message",Low,"Compilation finished"
